{
	 "rootnode": {
		 "name": "mirrors.obj"
		,"transformation": [
			 1
			,0
			,0
			,0
			,0
			,1
			,0
			,0
			,0
			,0
			,1
			,0
			,0
			,0
			,0
			,1
		]
		,"children": [
			{
				 "name": "object__1"
				,"transformation": [
					 1
					,0
					,0
					,0
					,0
					,1
					,0
					,0
					,0
					,0
					,1
					,0
					,0
					,0
					,0
					,1
				]
				,"meshes": [
					 0
				]
			}
			,{
				 "name": "object__0"
				,"transformation": [
					 1
					,0
					,0
					,0
					,0
					,1
					,0
					,0
					,0
					,0
					,1
					,0
					,0
					,0
					,0
					,1
				]
				,"meshes": [
					 1
				]
			}
		]
	}
	,"flags": 8
	,"meshes": [
		{
			 "name": ""
			,"materialindex": 0
			,"primitivetypes": 4
			,"vertices": [
				 0.7006
				,-0.2697
				,0.61992
				,0.5686
				,-0.3423
				,0.61992
				,0.5673
				,-0.343
				,0.62102
				,0.5673
				,-0.343
				,0.67042
				,0.5686
				,-0.3423
				,0.67142
				,0.7006
				,-0.2697
				,0.67142
				,0.7019
				,-0.269
				,0.67042
				,0.7019
				,-0.269
				,0.62102
			]
			,"normals": [
				 -0.4818
				,0.8763
				,-0
				,-0.4817
				,0.8763
				,0
				,-0.4818
				,0.8763
				,-0
				,-0.4818
				,0.8763
				,-0
				,-0.4818
				,0.8763
				,-0
				,-0.4818
				,0.8763
				,-0
				,-0.4818
				,0.8763
				,-0
				,-0.4818
				,0.8763
				,-0
			]
			,"tangents": [
				 -0.876285
				,-0.481792
				,0.000992258
				,-0.876328
				,-0.481715
				,0
				,-0.876285
				,-0.481792
				,0.000749532
				,-0.876281
				,-0.48179
				,0.00304679
				,-0.876285
				,-0.481792
				,0.00121017
				,-0.876286
				,-0.481792
				,0
				,-0.876285
				,-0.481792
				,0.00125249
				,-0.876274
				,-0.481786
				,0.005004
			]
			,"bitangents": [
				 -0.00919415
				,-0.00505487
				,-0.999945
				,-0.0232205
				,-0.0127651
				,-0.999649
				,-0.011486
				,-0.0063149
				,-0.999914
				,0
				,0
				,-1
				,0.000370326
				,0.000203704
				,-1
				,0.0013768
				,0.000757474
				,-0.999999
				,0.000681644
				,0.00037502
				,-1
				,0
				,0
				,-1
			]
			,"numuvcomponents": [
				 2
			]
			,"texturecoords": [
				[
					 0.0048
					,0
					,0.4951
					,0
					,0.5
					,0.0215
					,0.5
					,0.9805
					,0.4951
					,1
					,0.0048
					,1
					,0
					,0.9806
					,0
					,0.0215
				]
			]
			,"faces": [
				[
					 0
					,1
					,2
				]
				,[
					 2
					,3
					,4
				]
				,[
					 0
					,2
					,4
				]
				,[
					 4
					,5
					,6
				]
				,[
					 0
					,4
					,6
				]
				,[
					 0
					,6
					,7
				]
			]
		}
		,{
			 "name": ""
			,"materialindex": 0
			,"primitivetypes": 4
			,"vertices": [
				 -0.7006
				,-0.2697
				,0.61992
				,-0.7019
				,-0.269
				,0.62102
				,-0.7019
				,-0.269
				,0.67042
				,-0.7006
				,-0.2697
				,0.67142
				,-0.5686
				,-0.3423
				,0.67142
				,-0.5673
				,-0.343
				,0.67042
				,-0.5673
				,-0.343
				,0.62102
				,-0.5686
				,-0.3423
				,0.61992
			]
			,"normals": [
				 0.4818
				,0.8763
				,-0
				,0.4818
				,0.8763
				,-0
				,0.4818
				,0.8763
				,-0
				,0.4818
				,0.8763
				,-0
				,0.4818
				,0.8763
				,-0
				,0.4818
				,0.8763
				,-0
				,0.4818
				,0.8763
				,-0
				,0.4817
				,0.8763
				,0
			]
			,"tangents": [
				 -0.876284
				,0.481791
				,-0.00199306
				,-0.876274
				,0.481786
				,-0.005004
				,-0.876283
				,0.481791
				,-0.00250349
				,-0.876286
				,0.481792
				,0
				,-0.876285
				,0.481792
				,-0.000600633
				,-0.876281
				,0.48179
				,-0.00304589
				,-0.876284
				,0.481792
				,-0.00151078
				,-0.876328
				,0.481715
				,0
			]
			,"bitangents": [
				 0.00448724
				,-0.00246705
				,-0.999987
				,0
				,0
				,-1
				,0.0063236
				,-0.00347667
				,-0.999974
				,0.0257982
				,-0.0141837
				,-0.999567
				,0.0101178
				,-0.00556272
				,-0.999933
				,0
				,0
				,-1
				,0.00573559
				,-0.00315339
				,-0.999979
				,0.0234472
				,-0.0128898
				,-0.999642
			]
			,"numuvcomponents": [
				 2
			]
			,"texturecoords": [
				[
					 0.9951
					,0
					,1
					,0.0215
					,1
					,0.9806
					,0.9951
					,1
					,0.5049
					,1
					,0.5
					,0.9805
					,0.5
					,0.0215
					,0.5049
					,0
				]
			]
			,"faces": [
				[
					 0
					,1
					,2
				]
				,[
					 2
					,3
					,4
				]
				,[
					 0
					,2
					,4
				]
				,[
					 4
					,5
					,6
				]
				,[
					 0
					,4
					,6
				]
				,[
					 0
					,6
					,7
				]
			]
		}
	]
	,"materials": [
		{
			 "properties": [
				{
					 "key": "?mat.name"
					,"semantic": 0
					,"index": 0
					,"type": 3
					,"value": "DefaultMaterial"
				}
				,{
					 "key": "$mat.shadingm"
					,"semantic": 0
					,"index": 0
					,"type": 4
					,"value": 2
				}
				,{
					 "key": "$clr.ambient"
					,"semantic": 0
					,"index": 0
					,"type": 1
					,"value": [
						 0
						,0
						,0
					]
				}
				,{
					 "key": "$clr.diffuse"
					,"semantic": 0
					,"index": 0
					,"type": 1
					,"value": [
						 0.6
						,0.6
						,0.6
					]
				}
				,{
					 "key": "$clr.specular"
					,"semantic": 0
					,"index": 0
					,"type": 1
					,"value": [
						 0
						,0
						,0
					]
				}
				,{
					 "key": "$clr.emissive"
					,"semantic": 0
					,"index": 0
					,"type": 1
					,"value": [
						 0
						,0
						,0
					]
				}
				,{
					 "key": "$mat.shininess"
					,"semantic": 0
					,"index": 0
					,"type": 1
					,"value": 0
				}
				,{
					 "key": "$mat.opacity"
					,"semantic": 0
					,"index": 0
					,"type": 1
					,"value": 1
				}
				,{
					 "key": "$mat.refracti"
					,"semantic": 0
					,"index": 0
					,"type": 1
					,"value": 1
				}
			]
		}
	]
}
