{"rootnode":{"name":"untitled(1).obj","transformation":[1,0,0,0,0,1,0,0,0,0,1,0,0,0,0,1],"children":[{"name":"Circle","transformation":[1,0,0,0,0,1,0,0,0,0,1,0,0,0,0,1],"meshes":[0]}]},"flags":8,"meshes":[{"name":"","materialindex":0,"primitivetypes":4,"vertices":[-4.39036,0,-1.81855,-4.67462,0,-3.12348,-3.95122,0,-2.64012,4.39036,0,-1.81855,4.67461,0,-3.12348,5.19416,0,-2.15149,2.64012,0,3.95122,3.97544,0,3.97544,3.12348,0,4.67462,-3.95122,0,2.64012,-5.19416,0,2.15149,-4.39036,0,1.81855,2.64012,0,-3.95122,3.97543,0,-3.97544,3.36023,0,-3.36024,4.66078,0,-0.927091,5.62212,0,-4e-06,4.75209,0,-4e-06,3.36024,0,3.36024,4.67462,0,3.12348,-0.927087,0,-4.66078,1e-06,0,-5.62211,0,0,-4.75209,-3.36024,0,3.36024,-4.67462,0,3.12348,-2.64012,0,-3.95122,-2.15149,0,-5.19416,-1.81855,0,-4.39036,5.51409,0,-1.09683,-1.81855,0,4.39036,-3.12348,0,4.67462,-2.64012,0,3.95122,3.95122,0,2.64012,5.19416,0,2.15149,1.81854,0,-4.39036,3.12347,0,-4.67462,-1.09682,0,5.51409,-2.15149,0,5.19416,-1.09682,0,-5.51409,0.92709,0,4.66078,2e-06,0,5.62212,2e-06,0,4.75209,4.66079,0,0.927084,4.39036,0,1.81854,-3.97544,0,-3.97543,-3.12348,0,-4.67462,0.927081,0,-4.66078,2.15148,0,-5.19416,-0.927086,0,4.66078,-3.36024,0,-3.36024,-4.75209,0,1e-06,-5.51409,0,-1.09682,-4.66078,0,-0.927086,1.81855,0,4.39036,1.09682,0,5.51409,1.09681,0,-5.51409,-5.19416,0,-2.15149,-4.66078,0,0.927088,-5.62212,0,1e-06,5.51409,0,1.09682,2.15149,0,5.19416,3.95122,0,-2.64013,-3.97544,0,3.97544,-5.51409,0,1.09682,2.64012,0,3.95122,3.36024,0.47761,3.36024,3.36024,0,3.36024,-3.36024,0,3.36024,-2.64012,0.47761,3.95122,-2.64012,0,3.95122,-1.81855,0,4.39036,-0.927086,0.47761,4.66078,-0.927086,0,4.66078,-3.95122,0,-2.64012,-4.39036,0.47761,-1.81855,-4.39036,0,-1.81855,4.66078,0,-0.927091,4.39036,0.47761,-1.81855,4.39036,0,-1.81855,3.95122,0,-2.64013,3.36023,0.47761,-3.36024,3.36023,0,-3.36024,1.81855,0,4.39036,2.64012,0.47761,3.95122,2.64012,0,3.95122,-3.95122,0,2.64012,-3.36024,0.47761,3.36024,-3.36024,0,3.36024,0,0,-4.75209,-0.927087,0.47761,-4.66078,-0.927087,0,-4.66078,0.927081,0,-4.66078,0,0.47761,-4.75209,0,0,-4.75209,4.75209,0,-4e-06,4.66078,0.47761,-0.927091,4.66078,0,-0.927091,-2.64012,0,3.95122,-1.81855,0.47761,4.39036,-1.81855,0,4.39036,-3.36024,0,-3.36024,-3.95122,0.47761,-2.64012,-3.95122,0,-2.64012,-4.39036,0,1.81855,-3.95122,0.47761,2.64012,-3.95122,0,2.64012,0.92709,0,4.66078,1.81855,0.47761,4.39036,1.81855,0,4.39036,4.66079,0,0.927084,4.75209,0.47761,-4e-06,4.75209,0,-4e-06,1.81854,0,-4.39036,0.927081,0.47761,-4.66078,0.927081,0,-4.66078,-4.66078,0,0.927088,-4.39036,0.47761,1.81855,-4.39036,0,1.81855,-2.64012,0,-3.95122,-3.36024,0.47761,-3.36024,-3.36024,0,-3.36024,4.39036,0,1.81854,4.66079,0.47761,0.927084,4.66079,0,0.927084,2e-06,0,4.75209,0.92709,0.47761,4.66078,0.92709,0,4.66078,-4.75209,0,1e-06,-4.66078,0.47761,0.927088,-4.66078,0,0.927088,2.64012,0,-3.95122,1.81854,0.47761,-4.39036,1.81854,0,-4.39036,3.95122,0,2.64012,4.39036,0.47761,1.81854,4.39036,0,1.81854,-1.81855,0,-4.39036,-2.64012,0.47761,-3.95122,-2.64012,0,-3.95122,-4.66078,0,-0.927086,-4.75209,0.47761,1e-06,-4.75209,0,1e-06,-0.927086,0,4.66078,2e-06,0.47761,4.75209,2e-06,0,4.75209,3.36024,0,3.36024,3.95122,0.47761,2.64012,3.95122,0,2.64012,3.36023,0,-3.36024,2.64012,0.47761,-3.95122,2.64012,0,-3.95122,-4.39036,0,-1.81855,-4.66078,0.47761,-0.927086,-4.66078,0,-0.927086,4.39036,0,-1.81855,3.95122,0.47761,-2.64013,3.95122,0,-2.64013,-0.927087,0,-4.66078,-1.81855,0.47761,-4.39036,-1.81855,0,-4.39036,-4.66078,0.47761,-0.927086,-2.64012,0.47761,-3.95122,3.95122,0.47761,-2.64013,2.64012,0.47761,3.95122,-3.36024,0.47761,3.36024,-1.81855,0.47761,4.39036,-3.95122,0.47761,-2.64012,4.66078,0.47761,-0.927091,3.95122,0.47761,-2.64013,1.81855,0.47761,4.39036,-3.95122,0.47761,2.64012,0,0.47761,-4.75209,0.927081,0.47761,-4.66078,4.75209,0.47761,-4e-06,-2.64012,0.47761,3.95122,-3.36024,0.47761,-3.36024,-4.39036,0.47761,1.81855,0.92709,0.47761,4.66078,4.66079,0.47761,0.927084,1.81854,0.47761,-4.39036,-4.66078,0.47761,0.927088,-2.64012,0.47761,-3.95122,4.39036,0.47761,1.81854,2e-06,0.47761,4.75209,-4.75209,0.47761,1e-06,2.64012,0.47761,-3.95122,3.95122,0.47761,2.64012,-1.81855,0.47761,-4.39036,-4.66078,0.47761,-0.927086,-0.927086,0.47761,4.66078,3.36024,0.47761,3.36024,3.36023,0.47761,-3.36024,-4.39036,0.47761,-1.81855,4.39036,0.47761,-1.81855,-0.927087,0.47761,-4.66078,4.39036,0.47761,-1.81855,4.66078,0.47761,-0.927091,4.75209,0.47761,-4e-06,4.66079,0.47761,0.927084,4.39036,0.47761,1.81854,3.95122,0.47761,2.64012,3.36024,0.47761,3.36024,2.64012,0.47761,3.95122,1.81855,0.47761,4.39036,-0.927086,0.47761,4.66078,0.92709,0.47761,4.66078,2e-06,0.47761,4.75209,-1.81855,0.47761,4.39036,-2.64012,0.47761,3.95122,-3.36024,0.47761,3.36024,-3.95122,0.47761,2.64012,-4.39036,0.47761,1.81855,-4.66078,0.47761,0.927088,-4.75209,0.47761,1e-06,-4.39036,0.47761,-1.81855,-3.95122,0.47761,-2.64012,-3.36024,0.47761,-3.36024,-1.81855,0.47761,-4.39036,-0.927087,0.47761,-4.66078,0,0.47761,-4.75209,0.927081,0.47761,-4.66078,1.81854,0.47761,-4.39036,2.64012,0.47761,-3.95122,3.36023,0.47761,-3.36024],"normals":[0,-1,0,0,-1,0,0,-1,0,0,-1,0,0,-1,0,0,-1,0,0,-1,0,0,-1,0,0,-1,0,0,-1,0,0,-1,0,0,-1,0,0,-1,0,0,-1,0,0,-1,0,0,-1,0,0,-1,0,0,-1,0,0,-1,0,0,-1,0,0,-1,0,0,-1,0,0,-1,0,0,-1,0,0,-1,0,0,-1,0,0,-1,0,0,-1,0,0,-1,0,0,-1,0,0,-1,0,0,-1,0,0,-1,0,0,-1,0,0,-1,0,0,-1,0,0,-1,0,0,-1,0,0,-1,0,0,-1,0,0,-1,0,0,-1,0,0,-1,0,0,-1,0,0,-1,0,0,-1,0,0,-1,0,0,-1,0,0,-1,0,0,-1,0,0,-1,0,0,-1,0,0,-1,0,0,-1,0,0,-1,0,0,-1,0,0,-1,0,0,-1,0,0,-1,0,0,-1,0,0,-1,0,0,-1,0,0,-1,0,0,-1,0,-0.6344,0,-0.773,-0.6344,0,-0.773,-0.6344,0,-0.773,0.6344,0,-0.773,0.6344,0,-0.773,0.6344,0,-0.773,0.2903,0,-0.9569,0.2903,0,-0.9569,0.2903,0,-0.9569,0.8819,0,0.4714,0.8819,0,0.4714,0.8819,0,0.4714,-0.9569,0,0.2903,-0.9569,0,0.2903,-0.9569,0,0.2903,-0.773,0,0.6344,-0.773,0,0.6344,-0.773,0,0.6344,-0.4714,0,-0.8819,-0.4714,0,-0.8819,-0.4714,0,-0.8819,0.773,0,-0.6344,0.773,0,-0.6344,0.773,0,-0.6344,0.098,0,0.9952,0.098,0,0.9952,0.098,0,0.9952,-0.098,0,0.9952,-0.098,0,0.9952,-0.098,0,0.9952,-0.9952,0,0.098,-0.9952,0,0.098,-0.9952,0,0.098,0.4714,0,-0.8819,0.4714,0,-0.8819,0.4714,0,-0.8819,0.773,0,0.6344,0.773,0,0.6344,0.773,0,0.6344,0.8819,0,-0.4714,0.8819,0,-0.4714,0.8819,0,-0.4714,-0.2903,0,-0.9569,-0.2903,0,-0.9569,-0.2903,0,-0.9569,-0.9952,0,-0.098,-0.9952,0,-0.098,-0.9952,0,-0.098,-0.2903,0,0.9569,-0.2903,0,0.9569,-0.2903,0,0.9569,0.9569,0,-0.2903,0.9569,0,-0.2903,0.9569,0,-0.2903,0.6344,0,0.773,0.6344,0,0.773,0.6344,0,0.773,-0.9569,0,-0.2903,-0.9569,0,-0.2903,-0.9569,0,-0.2903,-0.098,0,-0.9952,-0.098,0,-0.9952,-0.098,0,-0.9952,0.9952,0,-0.098,0.9952,0,-0.098,0.9952,0,-0.098,-0.4714,0,0.8819,-0.4714,0,0.8819,-0.4714,0,0.8819,-0.8819,0,-0.4714,-0.8819,0,-0.4714,-0.8819,0,-0.4714,0.4714,0,0.8819,0.4714,0,0.8819,0.4714,0,0.8819,0.9952,0,0.098,0.9952,0,0.098,0.9952,0,0.098,0.098,0,-0.9952,0.098,0,-0.9952,0.098,0,-0.9952,-0.773,0,-0.6344,-0.773,0,-0.6344,-0.773,0,-0.6344,-0.6344,0,0.773,-0.6344,0,0.773,-0.6344,0,0.773,0.9569,0,0.2903,0.9569,0,0.2903,0.9569,0,0.2903,-0.8819,0,0.4714,-0.8819,0,0.4714,-0.8819,0,0.4714,0.2903,0,0.9569,0.2903,0,0.9569,0.2903,0,0.9569,0,-1,0,0,-1,0,0,-1,0,-0.6344,0,-0.773,0.6344,0,-0.773,0.2903,0,-0.9569,0.8819,0,0.4714,-0.9569,0,0.2903,-0.773,0,0.6344,-0.4714,0,-0.8819,0.773,0,-0.6344,0.098,0,0.9952,-0.098,0,0.9952,-0.9952,0,0.098,0.4714,0,-0.8819,0.773,0,0.6344,0.8819,0,-0.4714,-0.2903,0,-0.9569,-0.9952,0,-0.098,-0.2903,0,0.9569,0.9569,0,-0.2903,0.6344,0,0.773,-0.9569,0,-0.2903,-0.098,0,-0.9952,0.9952,0,-0.098,-0.4714,0,0.8819,-0.8819,0,-0.4714,0.4714,0,0.8819,0.9952,0,0.098,0.098,0,-0.9952,-0.773,0,-0.6344,-0.6344,0,0.773,0.9569,0,0.2903,-0.8819,0,0.4714,0.2903,0,0.9569,0,-1,0,0,-1,0,0,-1,0,0,-1,0,0,-1,0,0,-1,0,0,-1,0,0,-1,0,0,-1,0,0,-1,0,0,-1,0,0,-1,0,0,-1,0,0,-1,0,0,-1,0,0,-1,0,0,-1,0,0,-1,0,0,-1,0,0,-1,0,0,-1,0,0,-1,0,0,-1,0,0,-1,0,0,-1,0,0,-1,0,0,-1,0,0,-1,0,0,-1,0],